{"run_id": "20260504T011609Z_29588", "start_time": 1777857372.093563, "last_bar_time": 1777941599.067676, "last_write_ts": 1777941599.067676, "last_write_source": "bar_callback", "bar_count": 694, "pending_count": 0, "last_dispatch_ts": 1777939277.9886296, "last_exec_lag_ms": 13358, "dispatch_fail_streak": 0, "groups": {"barloop_BTCUSD_H1": {"heartbeat_wc": 1777941570.012057, "bar_processed_wc": 1777939228.1430137, "bar_attempt_wc": 1777939220.0054777, "heartbeat_age_s": 29.05561900138855, "bar_processed_age_s": 2370.9246623516083, "bar_attempt_age_s": 2379.0621984004974, "period_s": 3600, "thread_alive": true, "exit_reason": null}, "barloop_GER40_M15": {"heartbeat_wc": 1777941593.0570724, "bar_processed_wc": 1777923945.4677446, "bar_attempt_wc": 1777923944.284534, "heartbeat_age_s": 6.010603666305542, "bar_processed_age_s": 17653.5999314785, "bar_attempt_age_s": 17654.783142089844, "period_s": 900, "thread_alive": true, "exit_reason": null}, "barloop_XAUUSD_H1": {"heartbeat_wc": 1777941598.0094745, "bar_processed_wc": 1777939224.2732644, "bar_attempt_wc": 1777939220.0065532, "heartbeat_age_s": 1.058201551437378, "bar_processed_age_s": 2374.7944116592407, "bar_attempt_age_s": 2379.061122894287, "period_s": 3600, "thread_alive": true, "exit_reason": null}, "barloop_GBPJPY_M30": {"heartbeat_wc": 1777941599.0591562, "bar_processed_wc": 1777941027.114859, "bar_attempt_wc": 1777941023.041048, "heartbeat_age_s": 0.008519887924194336, "bar_processed_age_s": 571.9528169631958, "bar_attempt_age_s": 576.0266280174255, "period_s": 1800, "thread_alive": true, "exit_reason": null}, "barloop_GBPUSD_M15": {"heartbeat_wc": 1777941589.049528, "bar_processed_wc": 1777941045.1498733, "bar_attempt_wc": 1777941023.041048, "heartbeat_age_s": 10.018148183822632, "bar_processed_age_s": 553.917802810669, "bar_attempt_age_s": 576.0266280174255, "period_s": 900, "thread_alive": true, "exit_reason": null}, "barloop_EURUSD_M15": {"heartbeat_wc": 1777941579.0334988, "bar_processed_wc": 1777941001.1284475, "bar_attempt_wc": 1777940999.02318, "heartbeat_age_s": 20.03417730331421, "bar_processed_age_s": 597.9392285346985, "bar_attempt_age_s": 600.0444960594177, "period_s": 900, "thread_alive": true, "exit_reason": null}, "barloop_AUDJPY_M30": {"heartbeat_wc": 1777941581.0325966, "bar_processed_wc": 1777941005.1044357, "bar_attempt_wc": 1777941003.0331304, "heartbeat_age_s": 18.03507947921753, "bar_processed_age_s": 593.9632403850555, "bar_attempt_age_s": 596.0345456600189, "period_s": 1800, "thread_alive": true, "exit_reason": null}, "barloop_AUDUSD_M30": {"heartbeat_wc": 1777941595.0578756, "bar_processed_wc": 1777941013.1091468, "bar_attempt_wc": 1777941007.0341854, "heartbeat_age_s": 4.009800434112549, "bar_processed_age_s": 585.9585292339325, "bar_attempt_age_s": 592.0334906578064, "period_s": 1800, "thread_alive": true, "exit_reason": null}, "barloop_NAS100_M5": {"heartbeat_wc": 1777941599.0626693, "bar_processed_wc": 1777941299.1587727, "bar_attempt_wc": 1777941599.0626693, "heartbeat_age_s": 0.0050067901611328125, "bar_processed_age_s": 299.9089033603668, "bar_attempt_age_s": 0.0050067901611328125, "period_s": 300, "thread_alive": true, "exit_reason": null}}}